id,name,phone,email,address
1,Bart Thornton,4-088-046-2812,Bart_Thornton9250@urn0m.business,"Maple Rue, 3966"
2,Michael Harper,2-054-128-1477,Michael_Harper6871@urn0m.meet,"Cavell   Drive, 8517"
3,Chuck Brooks,3-348-241-6453,Chuck_Brooks3347@lyvnc.info,"Arctic   Hill, 5136"
4,Abdul Healy,4-460-351-8807,Abdul_Healy4473@dbxli.store,"Colombo   Crossroad, 5458"
5,Ethan Reid,0-258-347-4544,Ethan_Reid4292@avn7d.info,"Paris   Crossroad, 6777"
6,Carrie Vernon,3-273-785-4728,Carrie_Vernon9113@yahoo.app,"Paris   Tunnel, 8938"
7,Isla Ward,6-633-532-5551,Isla_Ward1889@yvu30.ca,"Burton  Crossroad, 3935"
8,Penelope Darcy,7-362-441-0438,Penelope_Darcy8625@c2nyu.website,"Besson  Way, 8803"
9,Harvey Tate,6-871-177-7778,Harvey_Tate6562@bqkv0.club,"Clarges   Boulevard, 9831"
10,Harvey Mccall,1-201-624-3458,Harvey_Mccall9099@hepmv.tech,"Ely  Lane, 5309"
11,Marilyn Dale,6-315-421-3465,Marilyn_Dale8515@c2nyu.meet,"Bede  Grove, 8996"
12,Jamie Ballard,2-432-782-0416,Jamie_Ballard4257@karnv.site,"Chalcot  Walk, 718"
13,Ron Gibson,1-086-812-5428,Ron_Gibson8607@ohqqh.works,"St. Pauls  Street, 493"
14,Amy Khan,0-183-828-5333,Amy_Khan4533@lhp4j.design,"Thrale   Street, 5527"
15,Sebastian Davies,6-541-183-5516,Sebastian_Davies1404@fhuux.website,"Belgrave  Road, 1271"
16,Alex Yates,1-520-847-8426,Alex_Yates4606@fhuux.digital,"Chandos  Grove, 5732"
17,Hank Bennett,7-301-527-7660,Hank_Bennett209@dbxli.property,"Caldwell   Alley, 3112"
18,Mark Olivier,0-302-424-5283,Mark_Olivier3620@3wbkp.software,"Durweston   Pass, 6208"
19,Mona Turner,6-027-156-1361,Mona_Turner853@iaart.autos,"North Avenue, 3836"
20,Fred Henderson,7-147-266-8574,Fred_Henderson2513@uagvw.audio,"Apsley    Road, 1239"

